date,latitude(deg),longitude(deg),elevation(km),horintensity(nT),annualchange(nT),uncertainty(nT)
2022.24658,70.00000,-140.00000,35.00000,8404.9,39.0,128
2022.24658,70.00000,-139.00000,35.00000,8300.0,40.1,128
2022.24658,70.00000,-138.00000,35.00000,8193.8,41.2,128
2022.24658,70.00000,-137.00000,35.00000,8086.3,42.4,128
2022.24658,70.00000,-136.00000,35.00000,7977.6,43.5,128
2022.24658,70.00000,-135.00000,35.00000,7867.7,44.6,128
2022.24658,70.00000,-134.00000,35.00000,7756.9,45.8,128
2022.24658,70.00000,-133.00000,35.00000,7645.2,46.9,128
2022.24658,70.00000,-132.00000,35.00000,7532.7,48.0,128
2022.24658,70.00000,-131.00000,35.00000,7419.4,49.2,128
2022.24658,70.00000,-130.00000,35.00000,7305.6,50.3,128
2022.24658,70.00000,-129.00000,35.00000,7191.4,51.4,128
2022.24658,70.00000,-128.00000,35.00000,7076.8,52.5,128
2022.24658,70.00000,-127.00000,35.00000,6962.0,53.6,128
2022.24658,70.00000,-126.00000,35.00000,6847.2,54.7,128
2022.24658,70.00000,-125.00000,35.00000,6732.4,55.8,128
2022.24658,70.00000,-124.00000,35.00000,6618.0,56.9,128
2022.24658,70.00000,-123.00000,35.00000,6504.0,58.0,128
2022.24658,70.00000,-122.00000,35.00000,6390.6,59.0,128
2022.24658,70.00000,-121.00000,35.00000,6278.1,60.0,128
2022.24658,70.00000,-120.00000,35.00000,6166.5,61.0,128
2022.24658,70.00000,-119.00000,35.00000,6056.3,62.0,128
2022.24658,70.00000,-118.00000,35.00000,5947.5,62.9,128
2022.24658,70.00000,-117.00000,35.00000,5840.5,63.8,128
2022.24658,70.00000,-116.00000,35.00000,5735.4,64.7,128
2022.24658,70.00000,-115.00000,35.00000,5632.6,65.5,128
2022.24658,70.00000,-114.00000,35.00000,5532.3,66.3,128
2022.24658,70.00000,-113.00000,35.00000,5434.9,67.0,128
2022.24658,70.00000,-112.00000,35.00000,5340.5,67.6,128
2022.24658,70.00000,-111.00000,35.00000,5249.7,68.2,128
2022.24658,70.00000,-110.00000,35.00000,5162.6,68.8,128
2022.24658,70.00000,-109.00000,35.00000,5079.7,69.2,128
2022.24658,70.00000,-108.00000,35.00000,5001.3,69.5,128
2022.24658,70.00000,-107.00000,35.00000,4927.6,69.8,128
2022.24658,70.00000,-106.00000,35.00000,4859.1,70.0,128
2022.24658,70.00000,-105.00000,35.00000,4796.1,70.0,128
2022.24658,70.00000,-104.00000,35.00000,4738.9,69.9,128
2022.24658,70.00000,-103.00000,35.00000,4687.9,69.7,128
2022.24658,70.00000,-102.00000,35.00000,4643.2,69.4,128
2022.24658,70.00000,-101.00000,35.00000,4605.3,69.0,128
2022.24658,70.00000,-100.00000,35.00000,4574.3,68.4,128
2022.24658,70.00000,-99.00000,35.00000,4550.4,67.7,128
2022.24658,70.00000,-98.00000,35.00000,4533.9,66.8,128
2022.24658,70.00000,-97.00000,35.00000,4524.7,65.9,128
2022.24658,70.00000,-96.00000,35.00000,4523.1,64.8,128
2022.24658,70.00000,-95.00000,35.00000,4528.9,63.6,128
2022.24658,70.00000,-94.00000,35.00000,4542.2,62.3,128
2022.24658,70.00000,-93.00000,35.00000,4562.8,60.9,128
2022.24658,70.00000,-92.00000,35.00000,4590.7,59.5,128
2022.24658,70.00000,-91.00000,35.00000,4625.7,57.9,128
2022.24658,70.00000,-90.00000,35.00000,4667.6,56.3,128
2022.24658,70.00000,-89.00000,35.00000,4716.0,54.7,128
2022.24658,70.00000,-88.00000,35.00000,4770.8,53.1,128
2022.24658,70.00000,-87.00000,35.00000,4831.6,51.4,128
2022.24658,70.00000,-86.00000,35.00000,4898.0,49.7,128
2022.24658,70.00000,-85.00000,35.00000,4969.8,48.1,128
2022.24658,70.00000,-84.00000,35.00000,5046.6,46.5,128
2022.24658,70.00000,-83.00000,35.00000,5128.1,44.8,128
2022.24658,70.00000,-82.00000,35.00000,5213.7,43.3,128
2022.24658,70.00000,-81.00000,35.00000,5303.3,41.7,128
2022.24658,70.00000,-80.00000,35.00000,5396.5,40.2,128
2022.24658,70.00000,-79.00000,35.00000,5492.8,38.8,128
2022.24658,70.00000,-78.00000,35.00000,5592.0,37.4,128
2022.24658,70.00000,-77.00000,35.00000,5693.8,36.0,128
2022.24658,70.00000,-76.00000,35.00000,5797.8,34.7,128
2022.24658,70.00000,-75.00000,35.00000,5903.7,33.5,128
2022.24658,70.00000,-74.00000,35.00000,6011.2,32.3,128
2022.24658,70.00000,-73.00000,35.00000,6120.1,31.2,128
2022.24658,70.00000,-72.00000,35.00000,6230.1,30.1,128
2022.24658,70.00000,-71.00000,35.00000,6341.0,29.0,128
2022.24658,70.00000,-70.00000,35.00000,6452.4,28.0,128
2022.24658,70.00000,-69.00000,35.00000,6564.3,27.1,128
2022.24658,70.00000,-68.00000,35.00000,6676.4,26.2,128
2022.24658,70.00000,-67.00000,35.00000,6788.4,25.4,128
2022.24658,70.00000,-66.00000,35.00000,6900.2,24.6,128
2022.24658,70.00000,-65.00000,35.00000,7011.7,23.8,128
2022.24658,70.00000,-64.00000,35.00000,7122.6,23.0,128
2022.24658,70.00000,-63.00000,35.00000,7232.9,22.3,128
2022.24658,70.00000,-62.00000,35.00000,7342.3,21.7,128
2022.24658,70.00000,-61.00000,35.00000,7450.7,21.0,128
2022.24658,70.00000,-60.00000,35.00000,7558.1,20.4,128
2022.24658,70.00000,-59.00000,35.00000,7664.3,19.9,128
2022.24658,70.00000,-58.00000,35.00000,7769.2,19.3,128
2022.24658,70.00000,-57.00000,35.00000,7872.7,18.8,128
2022.24658,70.00000,-56.00000,35.00000,7974.7,18.3,128
2022.24658,70.00000,-55.00000,35.00000,8075.1,17.8,128
2022.24658,70.00000,-54.00000,35.00000,8173.9,17.3,128
2022.24658,70.00000,-53.00000,35.00000,8271.0,16.9,128
2022.24658,70.00000,-52.00000,35.00000,8366.3,16.4,128
2022.24658,70.00000,-51.00000,35.00000,8459.7,16.0,128
2022.24658,70.00000,-50.00000,35.00000,8551.3,15.6,128
2022.24658,70.00000,-49.00000,35.00000,8641.0,15.2,128
2022.24658,70.00000,-48.00000,35.00000,8728.7,14.8,128
2022.24658,70.00000,-47.00000,35.00000,8814.4,14.4,128
2022.24658,70.00000,-46.00000,35.00000,8898.1,14.0,128
2022.24658,70.00000,-45.00000,35.00000,8979.7,13.7,128
2022.24658,70.00000,-44.00000,35.00000,9059.3,13.3,128
2022.24658,70.00000,-43.00000,35.00000,9136.8,13.0,128
2022.24658,70.00000,-42.00000,35.00000,9212.2,12.6,128
2022.24658,70.00000,-41.00000,35.00000,9285.5,12.3,128
2022.24658,70.00000,-40.00000,35.00000,9356.7,11.9,128
2022.24658,70.00000,-39.00000,35.00000,9425.8,11.6,128
2022.24658,70.00000,-38.00000,35.00000,9492.7,11.3,128
2022.24658,70.00000,-37.00000,35.00000,9557.6,10.9,128
2022.24658,70.00000,-36.00000,35.00000,9620.4,10.6,128
2022.24658,70.00000,-35.00000,35.00000,9681.1,10.3,128
2022.24658,70.00000,-34.00000,35.00000,9739.7,9.9,128
2022.24658,70.00000,-33.00000,35.00000,9796.3,9.6,128
2022.24658,70.00000,-32.00000,35.00000,9850.9,9.3,128
2022.24658,70.00000,-31.00000,35.00000,9903.4,8.9,128
2022.24658,70.00000,-30.00000,35.00000,9953.9,8.6,128
2022.24658,70.00000,-29.00000,35.00000,10002.4,8.2,128
2022.24658,70.00000,-28.00000,35.00000,10049.0,7.9,128
2022.24658,70.00000,-27.00000,35.00000,10093.7,7.6,128
2022.24658,70.00000,-26.00000,35.00000,10136.4,7.2,128
2022.24658,70.00000,-25.00000,35.00000,10177.3,6.9,128
2022.24658,70.00000,-24.00000,35.00000,10216.3,6.5,128
2022.24658,70.00000,-23.00000,35.00000,10253.5,6.2,128
2022.24658,70.00000,-22.00000,35.00000,10288.9,5.8,128
2022.24658,70.00000,-21.00000,35.00000,10322.5,5.5,128
2022.24658,70.00000,-20.00000,35.00000,10354.4,5.1,128
2022.24658,70.00000,-19.00000,35.00000,10384.6,4.7,128
2022.24658,70.00000,-18.00000,35.00000,10413.1,4.4,128
2022.24658,70.00000,-17.00000,35.00000,10440.0,4.0,128
2022.24658,70.00000,-16.00000,35.00000,10465.3,3.7,128
2022.24658,70.00000,-15.00000,35.00000,10489.0,3.3,128
2022.24658,70.00000,-14.00000,35.00000,10511.1,2.9,128
2022.24658,70.00000,-13.00000,35.00000,10531.8,2.5,128
2022.24658,70.00000,-12.00000,35.00000,10550.9,2.2,128
2022.24658,70.00000,-11.00000,35.00000,10568.6,1.8,128
2022.24658,70.00000,-10.00000,35.00000,10584.9,1.4,128
2022.24658,70.00000,-9.00000,35.00000,10599.8,1.0,128
2022.24658,70.00000,-8.00000,35.00000,10613.3,0.6,128
2022.24658,70.00000,-7.00000,35.00000,10625.5,0.2,128
2022.24658,70.00000,-6.00000,35.00000,10636.4,-0.2,128
2022.24658,70.00000,-5.00000,35.00000,10646.0,-0.6,128
2022.24658,70.00000,-4.00000,35.00000,10654.3,-1.0,128
2022.24658,70.00000,-3.00000,35.00000,10661.4,-1.4,128
2022.24658,70.00000,-2.00000,35.00000,10667.3,-1.8,128
2022.24658,70.00000,-1.00000,35.00000,10672.0,-2.2,128
2022.24658,70.00000,0.00000,35.00000,10675.5,-2.6,128
2022.24658,70.00000,1.00000,35.00000,10677.9,-3.0,128
2022.24658,70.00000,2.00000,35.00000,10679.2,-3.4,128
2022.24658,70.00000,3.00000,35.00000,10679.3,-3.8,128
2022.24658,70.00000,4.00000,35.00000,10678.4,-4.3,128
2022.24658,70.00000,5.00000,35.00000,10676.3,-4.7,128
2022.24658,70.00000,6.00000,35.00000,10673.2,-5.1,128
2022.24658,70.00000,7.00000,35.00000,10669.0,-5.6,128
2022.24658,70.00000,8.00000,35.00000,10663.8,-6.0,128
2022.24658,70.00000,9.00000,35.00000,10657.5,-6.5,128
2022.24658,70.00000,10.00000,35.00000,10650.2,-6.9,128
2022.24658,70.00000,11.00000,35.00000,10641.8,-7.4,128
2022.24658,70.00000,12.00000,35.00000,10632.4,-7.8,128
2022.24658,70.00000,13.00000,35.00000,10622.0,-8.3,128
2022.24658,70.00000,14.00000,35.00000,10610.5,-8.8,128
2022.24658,70.00000,15.00000,35.00000,10597.9,-9.3,128
2022.24658,70.00000,16.00000,35.00000,10584.3,-9.7,128
2022.24658,70.00000,17.00000,35.00000,10569.6,-10.2,128
2022.24658,70.00000,18.00000,35.00000,10553.9,-10.7,128
2022.24658,70.00000,19.00000,35.00000,10537.0,-11.2,128
2022.24658,70.00000,20.00000,35.00000,10519.1,-11.7,128
2022.24658,70.00000,21.00000,35.00000,10500.0,-12.3,128
2022.24658,69.00000,-140.00000,35.00000,9001.9,36.3,128
2022.24658,69.00000,-139.00000,35.00000,8892.6,37.4,128
2022.24658,69.00000,-138.00000,35.00000,8781.9,38.5,128
2022.24658,69.00000,-137.00000,35.00000,8669.9,39.6,128
2022.24658,69.00000,-136.00000,35.00000,8556.6,40.8,128
2022.24658,69.00000,-135.00000,35.00000,8442.1,41.9,128
2022.24658,69.00000,-134.00000,35.00000,8326.6,43.1,128
2022.24658,69.00000,-133.00000,35.00000,8210.1,44.2,128
2022.24658,69.00000,-132.00000,35.00000,8092.7,45.4,128
2022.24658,69.00000,-131.00000,35.00000,7974.6,46.5,128
2022.24658,69.00000,-130.00000,35.00000,7855.9,47.6,128
2022.24658,69.00000,-129.00000,35.00000,7736.6,48.8,128
2022.24658,69.00000,-128.00000,35.00000,7617.0,49.9,128
2022.24658,69.00000,-127.00000,35.00000,7497.1,51.0,128
2022.24658,69.00000,-126.00000,35.00000,7377.1,52.2,128
2022.24658,69.00000,-125.00000,35.00000,7257.3,53.3,128
2022.24658,69.00000,-124.00000,35.00000,7137.6,54.4,128
2022.24658,69.00000,-123.00000,35.00000,7018.4,55.4,128
2022.24658,69.00000,-122.00000,35.00000,6899.8,56.5,128
2022.24658,69.00000,-121.00000,35.00000,6782.0,57.6,128
2022.24658,69.00000,-120.00000,35.00000,6665.3,58.6,128
2022.24658,69.00000,-119.00000,35.00000,6549.7,59.6,128
2022.24658,69.00000,-118.00000,35.00000,6435.7,60.6,128
2022.24658,69.00000,-117.00000,35.00000,6323.3,61.5,128
2022.24658,69.00000,-116.00000,35.00000,6213.0,62.4,128
2022.24658,69.00000,-115.00000,35.00000,6104.9,63.3,128
2022.24658,69.00000,-114.00000,35.00000,5999.4,64.1,128
2022.24658,69.00000,-113.00000,35.00000,5896.7,64.8,128
2022.24658,69.00000,-112.00000,35.00000,5797.2,65.6,128
2022.24658,69.00000,-111.00000,35.00000,5701.1,66.2,128
2022.24658,69.00000,-110.00000,35.00000,5608.9,66.8,128
2022.24658,69.00000,-109.00000,35.00000,5520.8,67.3,128
2022.24658,69.00000,-108.00000,35.00000,5437.3,67.8,128
2022.24658,69.00000,-107.00000,35.00000,5358.6,68.1,128
2022.24658,69.00000,-106.00000,35.00000,5285.1,68.4,128
2022.24658,69.00000,-105.00000,35.00000,5217.2,68.5,128
2022.24658,69.00000,-104.00000,35.00000,5155.2,68.6,128
2022.24658,69.00000,-103.00000,35.00000,5099.4,68.5,128
2022.24658,69.00000,-102.00000,35.00000,5050.1,68.3,128
2022.24658,69.00000,-101.00000,35.00000,5007.6,68.0,128
2022.24658,69.00000,-100.00000,35.00000,4972.1,67.6,128
2022.24658,69.00000,-99.00000,35.00000,4944.0,67.1,128
2022.24658,69.00000,-98.00000,35.00000,4923.3,66.4,128
2022.24658,69.00000,-97.00000,35.00000,4910.2,65.6,128
2022.24658,69.00000,-96.00000,35.00000,4904.7,64.7,128
2022.24658,69.00000,-95.00000,35.00000,4907.0,63.7,128
2022.24658,69.00000,-94.00000,35.00000,4917.0,62.6,128
2022.24658,69.00000,-93.00000,35.00000,4934.7,61.4,128
2022.24658,69.00000,-92.00000,35.00000,4959.8,60.2,128
2022.24658,69.00000,-91.00000,35.00000,4992.4,58.8,128
2022.24658,69.00000,-90.00000,35.00000,5032.1,57.4,128
2022.24658,69.00000,-89.00000,35.00000,5078.7,55.9,128
2022.24658,69.00000,-88.00000,35.00000,5132.1,54.5,128
2022.24658,69.00000,-87.00000,35.00000,5191.7,52.9,128
2022.24658,69.00000,-86.00000,35.00000,5257.4,51.4,128
2022.24658,69.00000,-85.00000,35.00000,5328.8,49.9,128
2022.24658,69.00000,-84.00000,35.00000,5405.5,48.4,128
2022.24658,69.00000,-83.00000,35.00000,5487.2,46.9,128
2022.24658,69.00000,-82.00000,35.00000,5573.5,45.4,128
2022.24658,69.00000,-81.00000,35.00000,5663.9,43.9,128
2022.24658,69.00000,-80.00000,35.00000,5758.3,42.5,128
2022.24658,69.00000,-79.00000,35.00000,5856.0,41.1,128
2022.24658,69.00000,-78.00000,35.00000,5957.0,39.8,128
2022.24658,69.00000,-77.00000,35.00000,6060.7,38.5,128
2022.24658,69.00000,-76.00000,35.00000,6166.8,37.3,128
2022.24658,69.00000,-75.00000,35.00000,6275.0,36.1,128
2022.24658,69.00000,-74.00000,35.00000,6385.1,34.9,128
2022.24658,69.00000,-73.00000,35.00000,6496.7,33.8,128
2022.24658,69.00000,-72.00000,35.00000,6609.5,32.7,128
2022.24658,69.00000,-71.00000,35.00000,6723.2,31.7,128
2022.24658,69.00000,-70.00000,35.00000,6837.7,30.7,128
2022.24658,69.00000,-69.00000,35.00000,6952.6,29.8,128
2022.24658,69.00000,-68.00000,35.00000,7067.8,28.9,128
2022.24658,69.00000,-67.00000,35.00000,7183.0,28.1,128
2022.24658,69.00000,-66.00000,35.00000,7298.0,27.3,128
2022.24658,69.00000,-65.00000,35.00000,7412.6,26.5,128
2022.24658,69.00000,-64.00000,35.00000,7526.7,25.8,128
2022.24658,69.00000,-63.00000,35.00000,7640.1,25.1,128
2022.24658,69.00000,-62.00000,35.00000,7752.6,24.4,128
2022.24658,69.00000,-61.00000,35.00000,7864.1,23.7,128
2022.24658,69.00000,-60.00000,35.00000,7974.4,23.1,128
2022.24658,69.00000,-59.00000,35.00000,8083.5,22.5,128
2022.24658,69.00000,-58.00000,35.00000,8191.2,22.0,128
2022.24658,69.00000,-57.00000,35.00000,8297.5,21.4,128
2022.24658,69.00000,-56.00000,35.00000,8402.1,20.9,128
2022.24658,69.00000,-55.00000,35.00000,8505.1,20.4,128
2022.24658,69.00000,-54.00000,35.00000,8606.3,19.9,128
2022.24658,69.00000,-53.00000,35.00000,8705.7,19.4,128
2022.24658,69.00000,-52.00000,35.00000,8803.2,19.0,128
2022.24658,69.00000,-51.00000,35.00000,8898.7,18.5,128
2022.24658,69.00000,-50.00000,35.00000,8992.3,18.1,128
2022.24658,69.00000,-49.00000,35.00000,9083.8,17.7,128
2022.24658,69.00000,-48.00000,35.00000,9173.2,17.3,128
2022.24658,69.00000,-47.00000,35.00000,9260.5,16.8,128
2022.24658,69.00000,-46.00000,35.00000,9345.6,16.4,128
2022.24658,69.00000,-45.00000,35.00000,9428.6,16.1,128
2022.24658,69.00000,-44.00000,35.00000,9509.3,15.7,128
2022.24658,69.00000,-43.00000,35.00000,9587.9,15.3,128
2022.24658,69.00000,-42.00000,35.00000,9664.2,14.9,128
2022.24658,69.00000,-41.00000,35.00000,9738.4,14.5,128
2022.24658,69.00000,-40.00000,35.00000,9810.3,14.2,128
2022.24658,69.00000,-39.00000,35.00000,9879.9,13.8,128
2022.24658,69.00000,-38.00000,35.00000,9947.4,13.4,128
2022.24658,69.00000,-37.00000,35.00000,10012.6,13.1,128
2022.24658,69.00000,-36.00000,35.00000,10075.6,12.7,128
2022.24658,69.00000,-35.00000,35.00000,10136.4,12.3,128
2022.24658,69.00000,-34.00000,35.00000,10195.1,12.0,128
2022.24658,69.00000,-33.00000,35.00000,10251.6,11.6,128
2022.24658,69.00000,-32.00000,35.00000,10305.9,11.2,128
2022.24658,69.00000,-31.00000,35.00000,10358.2,10.9,128
2022.24658,69.00000,-30.00000,35.00000,10408.3,10.5,128
2022.24658,69.00000,-29.00000,35.00000,10456.4,10.1,128
2022.24658,69.00000,-28.00000,35.00000,10502.5,9.8,128
2022.24658,69.00000,-27.00000,35.00000,10546.5,9.4,128
2022.24658,69.00000,-26.00000,35.00000,10588.6,9.0,128
2022.24658,69.00000,-25.00000,35.00000,10628.7,8.6,128
2022.24658,69.00000,-24.00000,35.00000,10666.9,8.2,128
2022.24658,69.00000,-23.00000,35.00000,10703.2,7.9,128
2022.24658,69.00000,-22.00000,35.00000,10737.7,7.5,128
2022.24658,69.00000,-21.00000,35.00000,10770.3,7.1,128
2022.24658,69.00000,-20.00000,35.00000,10801.2,6.7,128
2022.24658,69.00000,-19.00000,35.00000,10830.3,6.3,128
2022.24658,69.00000,-18.00000,35.00000,10857.7,5.9,128
2022.24658,69.00000,-17.00000,35.00000,10883.5,5.5,128
2022.24658,69.00000,-16.00000,35.00000,10907.6,5.1,128
2022.24658,69.00000,-15.00000,35.00000,10930.0,4.7,128
2022.24658,69.00000,-14.00000,35.00000,10951.0,4.3,128
2022.24658,69.00000,-13.00000,35.00000,10970.4,3.9,128
2022.24658,69.00000,-12.00000,35.00000,10988.3,3.5,128
2022.24658,69.00000,-11.00000,35.00000,11004.7,3.1,128
2022.24658,69.00000,-10.00000,35.00000,11019.7,2.7,128
2022.24658,69.00000,-9.00000,35.00000,11033.3,2.2,128
2022.24658,69.00000,-8.00000,35.00000,11045.6,1.8,128
2022.24658,69.00000,-7.00000,35.00000,11056.5,1.4,128
2022.24658,69.00000,-6.00000,35.00000,11066.1,1.0,128
2022.24658,69.00000,-5.00000,35.00000,11074.5,0.5,128
2022.24658,69.00000,-4.00000,35.00000,11081.6,0.1,128
2022.24658,69.00000,-3.00000,35.00000,11087.5,-0.3,128
2022.24658,69.00000,-2.00000,35.00000,11092.3,-0.7,128
2022.24658,69.00000,-1.00000,35.00000,11095.8,-1.2,128
2022.24658,69.00000,0.00000,35.00000,11098.3,-1.6,128
2022.24658,69.00000,1.00000,35.00000,11099.6,-2.1,128
2022.24658,69.00000,2.00000,35.00000,11099.9,-2.5,128
2022.24658,69.00000,3.00000,35.00000,11099.1,-2.9,128
2022.24658,69.00000,4.00000,35.00000,11097.2,-3.4,128
2022.24658,69.00000,5.00000,35.00000,11094.3,-3.8,128
2022.24658,69.00000,6.00000,35.00000,11090.4,-4.3,128
2022.24658,69.00000,7.00000,35.00000,11085.5,-4.7,128
2022.24658,69.00000,8.00000,35.00000,11079.6,-5.2,128
2022.24658,69.00000,9.00000,35.00000,11072.7,-5.7,128
2022.24658,69.00000,10.00000,35.00000,11064.8,-6.1,128
2022.24658,69.00000,11.00000,35.00000,11055.9,-6.6,128
2022.24658,69.00000,12.00000,35.00000,11046.1,-7.1,128
2022.24658,69.00000,13.00000,35.00000,11035.3,-7.6,128
2022.24658,69.00000,14.00000,35.00000,11023.5,-8.1,128
2022.24658,69.00000,15.00000,35.00000,11010.8,-8.6,128
2022.24658,69.00000,16.00000,35.00000,10997.1,-9.1,128
2022.24658,69.00000,17.00000,35.00000,10982.3,-9.6,128
2022.24658,69.00000,18.00000,35.00000,10966.6,-10.1,128
2022.24658,69.00000,19.00000,35.00000,10949.8,-10.6,128
2022.24658,69.00000,20.00000,35.00000,10932.0,-11.1,128
2022.24658,69.00000,21.00000,35.00000,10913.2,-11.6,128
2022.24658,68.00000,-140.00000,35.00000,9604.9,33.4,128
2022.24658,68.00000,-139.00000,35.00000,9491.6,34.5,128
2022.24658,68.00000,-138.00000,35.00000,9376.9,35.6,128
2022.24658,68.00000,-137.00000,35.00000,9260.7,36.8,128
2022.24658,68.00000,-136.00000,35.00000,9143.2,37.9,128
2022.24658,68.00000,-135.00000,35.00000,9024.4,39.1,128
2022.24658,68.00000,-134.00000,35.00000,8904.6,40.2,128
2022.24658,68.00000,-133.00000,35.00000,8783.7,41.4,128
2022.24658,68.00000,-132.00000,35.00000,8661.8,42.5,128
2022.24658,68.00000,-131.00000,35.00000,8539.2,43.7,128
2022.24658,68.00000,-130.00000,35.00000,8415.9,44.8,128
2022.24658,68.00000,-129.00000,35.00000,8292.0,46.0,128
2022.24658,68.00000,-128.00000,35.00000,8167.8,47.2,128
2022.24658,68.00000,-127.00000,35.00000,8043.2,48.3,128
2022.24658,68.00000,-126.00000,35.00000,7918.5,49.4,128
2022.24658,68.00000,-125.00000,35.00000,7793.9,50.6,128
2022.24658,68.00000,-124.00000,35.00000,7669.5,51.7,128
2022.24658,68.00000,-123.00000,35.00000,7545.4,52.8,128
2022.24658,68.00000,-122.00000,35.00000,7422.0,53.9,128
2022.24658,68.00000,-121.00000,35.00000,7299.3,55.0,128
2022.24658,68.00000,-120.00000,35.00000,7177.7,56.0,128
2022.24658,68.00000,-119.00000,35.00000,7057.2,57.0,128
2022.24658,68.00000,-118.00000,35.00000,6938.3,58.1,128
2022.24658,68.00000,-117.00000,35.00000,6821.1,59.0,128
2022.24658,68.00000,-116.00000,35.00000,6705.8,60.0,128
2022.24658,68.00000,-115.00000,35.00000,6592.9,60.9,128
2022.24658,68.00000,-114.00000,35.00000,6482.5,61.8,128
2022.24658,68.00000,-113.00000,35.00000,6374.9,62.6,128
2022.24658,68.00000,-112.00000,35.00000,6270.5,63.4,128
2022.24658,68.00000,-111.00000,35.00000,6169.7,64.1,128
2022.24658,68.00000,-110.00000,35.00000,6072.7,64.7,128
2022.24658,68.00000,-109.00000,35.00000,5979.9,65.3,128
2022.24658,68.00000,-108.00000,35.00000,5891.6,65.9,128
2022.24658,68.00000,-107.00000,35.00000,5808.3,66.3,128
2022.24658,68.00000,-106.00000,35.00000,5730.2,66.7,128
2022.24658,68.00000,-105.00000,35.00000,5657.7,66.9,128
2022.24658,68.00000,-104.00000,35.00000,5591.1,67.1,128
2022.24658,68.00000,-103.00000,35.00000,5530.9,67.2,128
2022.24658,68.00000,-102.00000,35.00000,5477.3,67.1,128
2022.24658,68.00000,-101.00000,35.00000,5430.5,67.0,128
2022.24658,68.00000,-100.00000,35.00000,5391.0,66.7,128
2022.24658,68.00000,-99.00000,35.00000,5358.8,66.3,128
2022.24658,68.00000,-98.00000,35.00000,5334.2,65.9,128
2022.24658,68.00000,-97.00000,35.00000,5317.4,65.2,128
2022.24658,68.00000,-96.00000,35.00000,5308.4,64.5,128
2022.24658,68.00000,-95.00000,35.00000,5307.3,63.7,128
2022.24658,68.00000,-94.00000,35.00000,5314.2,62.8,128
2022.24658,68.00000,-93.00000,35.00000,5328.9,61.8,128
2022.24658,68.00000,-92.00000,35.00000,5351.4,60.7,128
2022.24658,68.00000,-91.00000,35.00000,5381.6,59.5,128
2022.24658,68.00000,-90.00000,35.00000,5419.2,58.3,128
2022.24658,68.00000,-89.00000,35.00000,5464.0,57.0,128
2022.24658,68.00000,-88.00000,35.00000,5515.8,55.7,128
2022.24658,68.00000,-87.00000,35.00000,5574.3,54.3,128
2022.24658,68.00000,-86.00000,35.00000,5639.2,53.0,128
2022.24658,68.00000,-85.00000,35.00000,5710.0,51.6,128
2022.24658,68.00000,-84.00000,35.00000,5786.5,50.2,128
2022.24658,68.00000,-83.00000,35.00000,5868.3,48.8,128
2022.24658,68.00000,-82.00000,35.00000,5954.9,47.4,128
2022.24658,68.00000,-81.00000,35.00000,6046.1,46.1,128
2022.24658,68.00000,-80.00000,35.00000,6141.4,44.7,128
2022.24658,68.00000,-79.00000,35.00000,6240.4,43.4,128
2022.24658,68.00000,-78.00000,35.00000,6342.8,42.1,128
2022.24658,68.00000,-77.00000,35.00000,6448.2,40.9,128
2022.24658,68.00000,-76.00000,35.00000,6556.2,39.7,128
2022.24658,68.00000,-75.00000,35.00000,6666.6,38.6,128
2022.24658,68.00000,-74.00000,35.00000,6778.9,37.5,128
2022.24658,68.00000,-73.00000,35.00000,6892.9,36.4,128
2022.24658,68.00000,-72.00000,35.00000,7008.2,35.3,128
2022.24658,68.00000,-71.00000,35.00000,7124.6,34.4,128
2022.24658,68.00000,-70.00000,35.00000,7241.8,33.4,128
2022.24658,68.00000,-69.00000,35.00000,7359.5,32.5,128
2022.24658,68.00000,-68.00000,35.00000,7477.5,31.6,128
2022.24658,68.00000,-67.00000,35.00000,7595.6,30.8,128
2022.24658,68.00000,-66.00000,35.00000,7713.5,30.0,128
2022.24658,68.00000,-65.00000,35.00000,7831.1,29.2,128
2022.24658,68.00000,-64.00000,35.00000,7948.0,28.5,128
2022.24658,68.00000,-63.00000,35.00000,8064.3,27.8,128
2022.24658,68.00000,-62.00000,35.00000,8179.6,27.1,128
2022.24658,68.00000,-61.00000,35.00000,8293.9,26.4,128
2022.24658,68.00000,-60.00000,35.00000,8406.9,25.8,128
2022.24658,68.00000,-59.00000,35.00000,8518.7,25.2,128
2022.24658,68.00000,-58.00000,35.00000,8628.9,24.6,128
2022.24658,68.00000,-57.00000,35.00000,8737.6,24.0,128
2022.24658,68.00000,-56.00000,35.00000,8844.6,23.5,128
2022.24658,68.00000,-55.00000,35.00000,8949.8,23.0,128
2022.24658,68.00000,-54.00000,35.00000,9053.2,22.5,128
2022.24658,68.00000,-53.00000,35.00000,9154.6,22.0,128
2022.24658,68.00000,-52.00000,35.00000,9254.0,21.5,128
2022.24658,68.00000,-51.00000,35.00000,9351.3,21.0,128
2022.24658,68.00000,-50.00000,35.00000,9446.6,20.6,128
2022.24658,68.00000,-49.00000,35.00000,9539.6,20.1,128
2022.24658,68.00000,-48.00000,35.00000,9630.4,19.7,128
2022.24658,68.00000,-47.00000,35.00000,9719.0,19.2,128
2022.24658,68.00000,-46.00000,35.00000,9805.3,18.8,128
2022.24658,68.00000,-45.00000,35.00000,9889.3,18.4,128
2022.24658,68.00000,-44.00000,35.00000,9971.0,18.0,128
2022.24658,68.00000,-43.00000,35.00000,10050.3,17.6,128
2022.24658,68.00000,-42.00000,35.00000,10127.3,17.2,128
2022.24658,68.00000,-41.00000,35.00000,10202.0,16.8,128
2022.24658,68.00000,-40.00000,35.00000,10274.3,16.4,128
2022.24658,68.00000,-39.00000,35.00000,10344.2,16.0,128
2022.24658,68.00000,-38.00000,35.00000,10411.9,15.6,128
2022.24658,68.00000,-37.00000,35.00000,10477.1,15.2,128
2022.24658,68.00000,-36.00000,35.00000,10540.1,14.8,128
2022.24658,68.00000,-35.00000,35.00000,10600.8,14.4,128
2022.24658,68.00000,-34.00000,35.00000,10659.3,14.0,128
2022.24658,68.00000,-33.00000,35.00000,10715.4,13.6,128
2022.24658,68.00000,-32.00000,35.00000,10769.4,13.2,128
2022.24658,68.00000,-31.00000,35.00000,10821.1,12.8,128
2022.24658,68.00000,-30.00000,35.00000,10870.6,12.4,128
2022.24658,68.00000,-29.00000,35.00000,10918.0,12.0,128
2022.24658,68.00000,-28.00000,35.00000,10963.3,11.6,128
2022.24658,68.00000,-27.00000,35.00000,11006.5,11.1,128
2022.24658,68.00000,-26.00000,35.00000,11047.7,10.7,128
2022.24658,68.00000,-25.00000,35.00000,11086.8,10.3,128
2022.24658,68.00000,-24.00000,35.00000,11124.0,9.9,128
2022.24658,68.00000,-23.00000,35.00000,11159.2,9.5,128
2022.24658,68.00000,-22.00000,35.00000,11192.5,9.1,128
2022.24658,68.00000,-21.00000,35.00000,11223.9,8.6,128
2022.24658,68.00000,-20.00000,35.00000,11253.6,8.2,128
2022.24658,68.00000,-19.00000,35.00000,11281.4,7.8,128
2022.24658,68.00000,-18.00000,35.00000,11307.5,7.3,128
2022.24658,68.00000,-17.00000,35.00000,11331.9,6.9,128
2022.24658,68.00000,-16.00000,35.00000,11354.6,6.5,128
2022.24658,68.00000,-15.00000,35.00000,11375.7,6.0,128
2022.24658,68.00000,-14.00000,35.00000,11395.2,5.6,128
2022.24658,68.00000,-13.00000,35.00000,11413.1,5.2,128
2022.24658,68.00000,-12.00000,35.00000,11429.6,4.7,128
2022.24658,68.00000,-11.00000,35.00000,11444.6,4.3,128
2022.24658,68.00000,-10.00000,35.00000,11458.1,3.8,128
2022.24658,68.00000,-9.00000,35.00000,11470.3,3.4,128
2022.24658,68.00000,-8.00000,35.00000,11481.1,2.9,128
2022.24658,68.00000,-7.00000,35.00000,11490.6,2.5,128
2022.24658,68.00000,-6.00000,35.00000,11498.8,2.0,128
2022.24658,68.00000,-5.00000,35.00000,11505.8,1.6,128
2022.24658,68.00000,-4.00000,35.00000,11511.6,1.1,128
2022.24658,68.00000,-3.00000,35.00000,11516.1,0.7,128
2022.24658,68.00000,-2.00000,35.00000,11519.6,0.2,128
2022.24658,68.00000,-1.00000,35.00000,11521.9,-0.3,128
2022.24658,68.00000,0.00000,35.00000,11523.1,-0.7,128
2022.24658,68.00000,1.00000,35.00000,11523.2,-1.2,128
2022.24658,68.00000,2.00000,35.00000,11522.4,-1.6,128
2022.24658,68.00000,3.00000,35.00000,11520.5,-2.1,128
2022.24658,68.00000,4.00000,35.00000,11517.6,-2.6,128
2022.24658,68.00000,5.00000,35.00000,11513.7,-3.1,128
2022.24658,68.00000,6.00000,35.00000,11508.9,-3.5,128
2022.24658,68.00000,7.00000,35.00000,11503.2,-4.0,128
2022.24658,68.00000,8.00000,35.00000,11496.5,-4.5,128
2022.24658,68.00000,9.00000,35.00000,11488.9,-5.0,128
2022.24658,68.00000,10.00000,35.00000,11480.3,-5.4,128
2022.24658,68.00000,11.00000,35.00000,11470.9,-5.9,128
2022.24658,68.00000,12.00000,35.00000,11460.6,-6.4,128
2022.24658,68.00000,13.00000,35.00000,11449.4,-6.9,128
2022.24658,68.00000,14.00000,35.00000,11437.3,-7.4,128
2022.24658,68.00000,15.00000,35.00000,11424.3,-7.9,128
2022.24658,68.00000,16.00000,35.00000,11410.4,-8.4,128
2022.24658,68.00000,17.00000,35.00000,11395.6,-9.0,128
2022.24658,68.00000,18.00000,35.00000,11379.9,-9.5,128
2022.24658,68.00000,19.00000,35.00000,11363.2,-10.0,128
2022.24658,68.00000,20.00000,35.00000,11345.5,-10.5,128
2022.24658,68.00000,21.00000,35.00000,11326.9,-11.1,128
2022.24658,67.00000,-140.00000,35.00000,10212.6,30.4,128
2022.24658,67.00000,-139.00000,35.00000,10095.7,31.5,128
2022.24658,67.00000,-138.00000,35.00000,9977.2,32.7,128
2022.24658,67.00000,-137.00000,35.00000,9857.3,33.8,128
2022.24658,67.00000,-136.00000,35.00000,9736.0,34.9,128
2022.24658,67.00000,-135.00000,35.00000,9613.4,36.1,128
2022.24658,67.00000,-134.00000,35.00000,9489.6,37.2,128
2022.24658,67.00000,-133.00000,35.00000,9364.7,38.4,128
2022.24658,67.00000,-132.00000,35.00000,9238.8,39.6,128
2022.24658,67.00000,-131.00000,35.00000,9112.1,40.7,128
2022.24658,67.00000,-130.00000,35.00000,8984.7,41.9,128
2022.24658,67.00000,-129.00000,35.00000,8856.6,43.1,128
2022.24658,67.00000,-128.00000,35.00000,8728.1,44.2,128
2022.24658,67.00000,-127.00000,35.00000,8599.3,45.4,128
2022.24658,67.00000,-126.00000,35.00000,8470.3,46.6,128
2022.24658,67.00000,-125.00000,35.00000,8341.3,47.7,128
2022.24658,67.00000,-124.00000,35.00000,8212.5,48.9,128
2022.24658,67.00000,-123.00000,35.00000,8084.1,50.0,128
2022.24658,67.00000,-122.00000,35.00000,7956.2,51.1,128
2022.24658,67.00000,-121.00000,35.00000,7829.1,52.2,128
2022.24658,67.00000,-120.00000,35.00000,7702.9,53.3,128
2022.24658,67.00000,-119.00000,35.00000,7578.0,54.4,128
2022.24658,67.00000,-118.00000,35.00000,7454.6,55.4,128
2022.24658,67.00000,-117.00000,35.00000,7332.9,56.5,128
2022.24658,67.00000,-116.00000,35.00000,7213.1,57.5,128
2022.24658,67.00000,-115.00000,35.00000,7095.7,58.4,128
2022.24658,67.00000,-114.00000,35.00000,6980.8,59.3,128
2022.24658,67.00000,-113.00000,35.00000,6868.8,60.2,128
2022.24658,67.00000,-112.00000,35.00000,6760.0,61.1,128
2022.24658,67.00000,-111.00000,35.00000,6654.7,61.8,128
2022.24658,67.00000,-110.00000,35.00000,6553.3,62.6,128
2022.24658,67.00000,-109.00000,35.00000,6456.1,63.3,128
2022.24658,67.00000,-108.00000,35.00000,6363.5,63.9,128
2022.24658,67.00000,-107.00000,35.00000,6275.8,64.4,128
2022.24658,67.00000,-106.00000,35.00000,6193.4,64.9,128
2022.24658,67.00000,-105.00000,35.00000,6116.7,65.2,128
2022.24658,67.00000,-104.00000,35.00000,6046.0,65.5,128
2022.24658,67.00000,-103.00000,35.00000,5981.7,65.7,128
2022.24658,67.00000,-102.00000,35.00000,5924.0,65.8,128
2022.24658,67.00000,-101.00000,35.00000,5873.3,65.8,128
2022.24658,67.00000,-100.00000,35.00000,5829.9,65.7,128
2022.24658,67.00000,-99.00000,35.00000,5794.0,65.5,128
2022.24658,67.00000,-98.00000,35.00000,5765.8,65.2,128
2022.24658,67.00000,-97.00000,35.00000,5745.4,64.7,128
2022.24658,67.00000,-96.00000,35.00000,5733.1,64.2,128
2022.24658,67.00000,-95.00000,35.00000,5728.9,63.6,128
2022.24658,67.00000,-94.00000,35.00000,5732.7,62.8,128
2022.24658,67.00000,-93.00000,35.00000,5744.7,62.0,128
2022.24658,67.00000,-92.00000,35.00000,5764.6,61.1,128
2022.24658,67.00000,-91.00000,35.00000,5792.5,60.1,128
2022.24658,67.00000,-90.00000,35.00000,5828.0,59.0,128
2022.24658,67.00000,-89.00000,35.00000,5871.1,57.9,128
2022.24658,67.00000,-88.00000,35.00000,5921.4,56.8,128
2022.24658,67.00000,-87.00000,35.00000,5978.7,55.6,128
2022.24658,67.00000,-86.00000,35.00000,6042.6,54.3,128
2022.24658,67.00000,-85.00000,35.00000,6112.8,53.1,128
2022.24658,67.00000,-84.00000,35.00000,6188.9,51.8,128
2022.24658,67.00000,-83.00000,35.00000,6270.6,50.6,128
2022.24658,67.00000,-82.00000,35.00000,6357.5,49.3,128
2022.24658,67.00000,-81.00000,35.00000,6449.2,48.1,128
2022.24658,67.00000,-80.00000,35.00000,6545.2,46.8,128
2022.24658,67.00000,-79.00000,35.00000,6645.3,45.6,128
2022.24658,67.00000,-78.00000,35.00000,6748.9,44.4,128
2022.24658,67.00000,-77.00000,35.00000,6855.8,43.2,128
2022.24658,67.00000,-76.00000,35.00000,6965.5,42.1,128
2022.24658,67.00000,-75.00000,35.00000,7077.7,41.0,128
2022.24658,67.00000,-74.00000,35.00000,7192.1,39.9,128
2022.24658,67.00000,-73.00000,35.00000,7308.2,38.9,128
2022.24658,67.00000,-72.00000,35.00000,7425.9,37.9,128
2022.24658,67.00000,-71.00000,35.00000,7544.6,36.9,128
2022.24658,67.00000,-70.00000,35.00000,7664.3,36.0,128
2022.24658,67.00000,-69.00000,35.00000,7784.6,35.1,128
2022.24658,67.00000,-68.00000,35.00000,7905.2,34.2,128
2022.24658,67.00000,-67.00000,35.00000,8025.9,33.4,128
2022.24658,67.00000,-66.00000,35.00000,8146.4,32.6,128
2022.24658,67.00000,-65.00000,35.00000,8266.6,31.8,128
2022.24658,67.00000,-64.00000,35.00000,8386.2,31.1,128
2022.24658,67.00000,-63.00000,35.00000,8505.0,30.4,128
2022.24658,67.00000,-62.00000,35.00000,8622.9,29.7,128
2022.24658,67.00000,-61.00000,35.00000,8739.6,29.0,128
2022.24658,67.00000,-60.00000,35.00000,8855.1,28.4,128
2022.24658,67.00000,-59.00000,35.00000,8969.2,27.8,128
2022.24658,67.00000,-58.00000,35.00000,9081.7,27.2,128
2022.24658,67.00000,-57.00000,35.00000,9192.6,26.6,128
2022.24658,67.00000,-56.00000,35.00000,9301.6,26.1,128
2022.24658,67.00000,-55.00000,35.00000,9408.8,25.5,128
2022.24658,67.00000,-54.00000,35.00000,9514.0,25.0,128
2022.24658,67.00000,-53.00000,35.00000,9617.2,24.5,128
2022.24658,67.00000,-52.00000,35.00000,9718.2,24.0,128
2022.24658,67.00000,-51.00000,35.00000,9817.1,23.5,128
2022.24658,67.00000,-50.00000,35.00000,9913.7,23.0,128
2022.24658,67.00000,-49.00000,35.00000,10008.0,22.5,128
2022.24658,67.00000,-48.00000,35.00000,10099.9,22.1,128
2022.24658,67.00000,-47.00000,35.00000,10189.5,21.6,128
2022.24658,67.00000,-46.00000,35.00000,10276.7,21.1,128
2022.24658,67.00000,-45.00000,35.00000,10361.4,20.7,128
2022.24658,67.00000,-44.00000,35.00000,10443.7,20.2,128
2022.24658,67.00000,-43.00000,35.00000,10523.6,19.8,128
2022.24658,67.00000,-42.00000,35.00000,10601.0,19.4,128
2022.24658,67.00000,-41.00000,35.00000,10675.9,18.9,128
2022.24658,67.00000,-40.00000,35.00000,10748.4,18.5,128
2022.24658,67.00000,-39.00000,35.00000,10818.4,18.1,128
2022.24658,67.00000,-38.00000,35.00000,10885.9,17.6,128
2022.24658,67.00000,-37.00000,35.00000,10951.1,17.2,128
2022.24658,67.00000,-36.00000,35.00000,11013.8,16.8,128
2022.24658,67.00000,-35.00000,35.00000,11074.1,16.4,128
2022.24658,67.00000,-34.00000,35.00000,11132.0,15.9,128
2022.24658,67.00000,-33.00000,35.00000,11187.6,15.5,128
2022.24658,67.00000,-32.00000,35.00000,11240.9,15.1,128
2022.24658,67.00000,-31.00000,35.00000,11291.9,14.6,128
2022.24658,67.00000,-30.00000,35.00000,11340.6,14.2,128
2022.24658,67.00000,-29.00000,35.00000,11387.1,13.7,128
2022.24658,67.00000,-28.00000,35.00000,11431.4,13.3,128
2022.24658,67.00000,-27.00000,35.00000,11473.5,12.8,128
2022.24658,67.00000,-26.00000,35.00000,11513.6,12.4,128
2022.24658,67.00000,-25.00000,35.00000,11551.5,11.9,128
2022.24658,67.00000,-24.00000,35.00000,11587.5,11.5,128
2022.24658,67.00000,-23.00000,35.00000,11621.4,11.0,128
2022.24658,67.00000,-22.00000,35.00000,11653.3,10.6,128
2022.24658,67.00000,-21.00000,35.00000,11683.4,10.1,128
2022.24658,67.00000,-20.00000,35.00000,11711.6,9.7,128
2022.24658,67.00000,-19.00000,35.00000,11738.0,9.2,128
2022.24658,67.00000,-18.00000,35.00000,11762.6,8.7,128
2022.24658,67.00000,-17.00000,35.00000,11785.4,8.3,128
2022.24658,67.00000,-16.00000,35.00000,11806.6,7.8,128
2022.24658,67.00000,-15.00000,35.00000,11826.1,7.3,128
2022.24658,67.00000,-14.00000,35.00000,11844.1,6.8,128
2022.24658,67.00000,-13.00000,35.00000,11860.4,6.4,128
2022.24658,67.00000,-12.00000,35.00000,11875.3,5.9,128
2022.24658,67.00000,-11.00000,35.00000,11888.7,5.4,128
2022.24658,67.00000,-10.00000,35.00000,11900.6,4.9,128
2022.24658,67.00000,-9.00000,35.00000,11911.2,4.5,128
2022.24658,67.00000,-8.00000,35.00000,11920.4,4.0,128
2022.24658,67.00000,-7.00000,35.00000,11928.3,3.5,128
2022.24658,67.00000,-6.00000,35.00000,11935.0,3.0,128
2022.24658,67.00000,-5.00000,35.00000,11940.4,2.5,128
2022.24658,67.00000,-4.00000,35.00000,11944.7,2.0,128
2022.24658,67.00000,-3.00000,35.00000,11947.8,1.6,128
2022.24658,67.00000,-2.00000,35.00000,11949.8,1.1,128
2022.24658,67.00000,-1.00000,35.00000,11950.7,0.6,128
2022.24658,67.00000,0.00000,35.00000,11950.6,0.1,128
2022.24658,67.00000,1.00000,35.00000,11949.4,-0.4,128
2022.24658,67.00000,2.00000,35.00000,11947.3,-0.9,128
2022.24658,67.00000,3.00000,35.00000,11944.2,-1.4,128
2022.24658,67.00000,4.00000,35.00000,11940.2,-1.9,128
2022.24658,67.00000,5.00000,35.00000,11935.3,-2.3,128
2022.24658,67.00000,6.00000,35.00000,11929.4,-2.8,128
2022.24658,67.00000,7.00000,35.00000,11922.7,-3.3,128
2022.24658,67.00000,8.00000,35.00000,11915.2,-3.8,128
2022.24658,67.00000,9.00000,35.00000,11906.8,-4.3,128
2022.24658,67.00000,10.00000,35.00000,11897.5,-4.8,128
2022.24658,67.00000,11.00000,35.00000,11887.5,-5.3,128
2022.24658,67.00000,12.00000,35.00000,11876.6,-5.8,128
2022.24658,67.00000,13.00000,35.00000,11865.0,-6.4,128
2022.24658,67.00000,14.00000,35.00000,11852.5,-6.9,128
2022.24658,67.00000,15.00000,35.00000,11839.2,-7.4,128
2022.24658,67.00000,16.00000,35.00000,11825.1,-7.9,128
2022.24658,67.00000,17.00000,35.00000,11810.1,-8.4,128
2022.24658,67.00000,18.00000,35.00000,11794.4,-9.0,128
2022.24658,67.00000,19.00000,35.00000,11777.7,-9.5,128
2022.24658,67.00000,20.00000,35.00000,11760.3,-10.0,128
2022.24658,67.00000,21.00000,35.00000,11741.9,-10.6,128
2022.24658,66.00000,-140.00000,35.00000,10823.2,27.3,128
2022.24658,66.00000,-139.00000,35.00000,10703.2,28.4,128
2022.24658,66.00000,-138.00000,35.00000,10581.5,29.5,128
2022.24658,66.00000,-137.00000,35.00000,10458.2,30.7,128
2022.24658,66.00000,-136.00000,35.00000,10333.6,31.8,128
2022.24658,66.00000,-135.00000,35.00000,10207.5,33.0,128
2022.24658,66.00000,-134.00000,35.00000,10080.3,34.1,128
2022.24658,66.00000,-133.00000,35.00000,9951.9,35.3,128
2022.24658,66.00000,-132.00000,35.00000,9822.4,36.5,128
2022.24658,66.00000,-131.00000,35.00000,9692.1,37.7,128
2022.24658,66.00000,-130.00000,35.00000,9560.9,38.8,128
2022.24658,66.00000,-129.00000,35.00000,9429.1,40.0,128
2022.24658,66.00000,-128.00000,35.00000,9296.8,41.2,128
2022.24658,66.00000,-127.00000,35.00000,9164.1,42.4,128
2022.24658,66.00000,-126.00000,35.00000,9031.3,43.6,128
2022.24658,66.00000,-125.00000,35.00000,8898.4,44.8,128
2022.24658,66.00000,-124.00000,35.00000,8765.6,45.9,128
2022.24658,66.00000,-123.00000,35.00000,8633.2,47.1,128
2022.24658,66.00000,-122.00000,35.00000,8501.4,48.2,128
2022.24658,66.00000,-121.00000,35.00000,8370.2,49.4,128
2022.24658,66.00000,-120.00000,35.00000,8240.1,50.5,128
2022.24658,66.00000,-119.00000,35.00000,8111.1,51.6,128
2022.24658,66.00000,-118.00000,35.00000,7983.6,52.7,128
2022.24658,66.00000,-117.00000,35.00000,7857.8,53.8,128
2022.24658,66.00000,-116.00000,35.00000,7734.0,54.8,128
2022.24658,66.00000,-115.00000,35.00000,7612.4,55.8,128
2022.24658,66.00000,-114.00000,35.00000,7493.5,56.8,128
2022.24658,66.00000,-113.00000,35.00000,7377.4,57.8,128
2022.24658,66.00000,-112.00000,35.00000,7264.5,58.7,128
2022.24658,66.00000,-111.00000,35.00000,7155.1,59.5,128
2022.24658,66.00000,-110.00000,35.00000,7049.7,60.3,128
2022.24658,66.00000,-109.00000,35.00000,6948.5,61.1,128
2022.24658,66.00000,-108.00000,35.00000,6851.9,61.8,128
2022.24658,66.00000,-107.00000,35.00000,6760.3,62.4,128
2022.24658,66.00000,-106.00000,35.00000,6674.0,63.0,128
2022.24658,66.00000,-105.00000,35.00000,6593.4,63.4,128
2022.24658,66.00000,-104.00000,35.00000,6518.9,63.8,128
2022.24658,66.00000,-103.00000,35.00000,6450.7,64.2,128
2022.24658,66.00000,-102.00000,35.00000,6389.4,64.4,128
2022.24658,66.00000,-101.00000,35.00000,6335.0,64.5,128
2022.24658,66.00000,-100.00000,35.00000,6288.0,64.6,128
2022.24658,66.00000,-99.00000,35.00000,6248.6,64.5,128
2022.24658,66.00000,-98.00000,35.00000,6217.0,64.3,128
2022.24658,66.00000,-97.00000,35.00000,6193.4,64.1,128
2022.24658,66.00000,-96.00000,35.00000,6177.9,63.7,128
2022.24658,66.00000,-95.00000,35.00000,6170.7,63.3,128
2022.24658,66.00000,-94.00000,35.00000,6171.7,62.7,128
2022.24658,66.00000,-93.00000,35.00000,6181.0,62.1,128
2022.24658,66.00000,-92.00000,35.00000,6198.5,61.3,128
2022.24658,66.00000,-91.00000,35.00000,6224.1,60.5,128
2022.24658,66.00000,-90.00000,35.00000,6257.7,59.6,128
2022.24658,66.00000,-89.00000,35.00000,6299.0,58.7,128
2022.24658,66.00000,-88.00000,35.00000,6347.7,57.7,128
2022.24658,66.00000,-87.00000,35.00000,6403.8,56.7,128
2022.24658,66.00000,-86.00000,35.00000,6466.7,55.6,128
2022.24658,66.00000,-85.00000,35.00000,6536.2,54.5,128
2022.24658,66.00000,-84.00000,35.00000,6611.9,53.4,128
2022.24658,66.00000,-83.00000,35.00000,6693.4,52.2,128
2022.24658,66.00000,-82.00000,35.00000,6780.4,51.1,128
2022.24658,66.00000,-81.00000,35.00000,6872.4,49.9,128
2022.24658,66.00000,-80.00000,35.00000,6969.1,48.8,128
2022.24658,66.00000,-79.00000,35.00000,7070.0,47.7,128
2022.24658,66.00000,-78.00000,35.00000,7174.7,46.6,128
2022.24658,66.00000,-77.00000,35.00000,7282.8,45.5,128
2022.24658,66.00000,-76.00000,35.00000,7394.0,44.4,128
2022.24658,66.00000,-75.00000,35.00000,7507.8,43.3,128
2022.24658,66.00000,-74.00000,35.00000,7624.0,42.3,128
2022.24658,66.00000,-73.00000,35.00000,7742.0,41.3,128
2022.24658,66.00000,-72.00000,35.00000,7861.7,40.4,128
2022.24658,66.00000,-71.00000,35.00000,7982.6,39.4,128
2022.24658,66.00000,-70.00000,35.00000,8104.5,38.5,128
2022.24658,66.00000,-69.00000,35.00000,8227.1,37.7,128
2022.24658,66.00000,-68.00000,35.00000,8350.0,36.8,128
2022.24658,66.00000,-67.00000,35.00000,8473.1,36.0,128
2022.24658,66.00000,-66.00000,35.00000,8596.0,35.2,128
2022.24658,66.00000,-65.00000,35.00000,8718.5,34.4,128
2022.24658,66.00000,-64.00000,35.00000,8840.4,33.7,128
2022.24658,66.00000,-63.00000,35.00000,8961.6,33.0,128
2022.24658,66.00000,-62.00000,35.00000,9081.7,32.3,128
2022.24658,66.00000,-61.00000,35.00000,9200.7,31.6,128
2022.24658,66.00000,-60.00000,35.00000,9318.3,31.0,128
2022.24658,66.00000,-59.00000,35.00000,9434.5,30.3,128
2022.24658,66.00000,-58.00000,35.00000,9549.0,29.7,128
2022.24658,66.00000,-57.00000,35.00000,9661.7,29.1,128
2022.24658,66.00000,-56.00000,35.00000,9772.6,28.6,128
2022.24658,66.00000,-55.00000,35.00000,9881.4,28.0,128
2022.24658,66.00000,-54.00000,35.00000,9988.2,27.4,128
2022.24658,66.00000,-53.00000,35.00000,10092.9,26.9,128
2022.24658,66.00000,-52.00000,35.00000,10195.3,26.4,128
2022.24658,66.00000,-51.00000,35.00000,10295.3,25.9,128
2022.24658,66.00000,-50.00000,35.00000,10393.0,25.3,128
2022.24658,66.00000,-49.00000,35.00000,10488.3,24.9,128
2022.24658,66.00000,-48.00000,35.00000,10581.1,24.4,128
2022.24658,66.00000,-47.00000,35.00000,10671.4,23.9,128
2022.24658,66.00000,-46.00000,35.00000,10759.2,23.4,128
2022.24658,66.00000,-45.00000,35.00000,10844.5,22.9,128
2022.24658,66.00000,-44.00000,35.00000,10927.2,22.4,128
2022.24658,66.00000,-43.00000,35.00000,11007.3,22.0,128
2022.24658,66.00000,-42.00000,35.00000,11084.8,21.5,128
2022.24658,66.00000,-41.00000,35.00000,11159.7,21.0,128
2022.24658,66.00000,-40.00000,35.00000,11232.1,20.6,128
2022.24658,66.00000,-39.00000,35.00000,11301.9,20.1,128
2022.24658,66.00000,-38.00000,35.00000,11369.2,19.7,128
2022.24658,66.00000,-37.00000,35.00000,11433.9,19.2,128
2022.24658,66.00000,-36.00000,35.00000,11496.1,18.7,128
2022.24658,66.00000,-35.00000,35.00000,11555.8,18.3,128
2022.24658,66.00000,-34.00000,35.00000,11613.0,17.8,128
2022.24658,66.00000,-33.00000,35.00000,11667.9,17.3,128
2022.24658,66.00000,-32.00000,35.00000,11720.3,16.9,128
2022.24658,66.00000,-31.00000,35.00000,11770.3,16.4,128
2022.24658,66.00000,-30.00000,35.00000,11818.0,15.9,128
2022.24658,66.00000,-29.00000,35.00000,11863.4,15.4,128
2022.24658,66.00000,-28.00000,35.00000,11906.5,15.0,128
2022.24658,66.00000,-27.00000,35.00000,11947.5,14.5,128
2022.24658,66.00000,-26.00000,35.00000,11986.2,14.0,128
2022.24658,66.00000,-25.00000,35.00000,12022.8,13.5,128
2022.24658,66.00000,-24.00000,35.00000,12057.3,13.0,128
2022.24658,66.00000,-23.00000,35.00000,12089.8,12.5,128
2022.24658,66.00000,-22.00000,35.00000,12120.3,12.0,128
2022.24658,66.00000,-21.00000,35.00000,12148.8,11.5,128
2022.24658,66.00000,-20.00000,35.00000,12175.4,11.0,128
2022.24658,66.00000,-19.00000,35.00000,12200.2,10.5,128
2022.24658,66.00000,-18.00000,35.00000,12223.2,10.0,128
2022.24658,66.00000,-17.00000,35.00000,12244.4,9.5,128
2022.24658,66.00000,-16.00000,35.00000,12263.8,9.0,128
2022.24658,66.00000,-15.00000,35.00000,12281.7,8.5,128
2022.24658,66.00000,-14.00000,35.00000,12297.9,8.0,128
2022.24658,66.00000,-13.00000,35.00000,12312.5,7.5,128
2022.24658,66.00000,-12.00000,35.00000,12325.6,7.0,128
2022.24658,66.00000,-11.00000,35.00000,12337.3,6.5,128
2022.24658,66.00000,-10.00000,35.00000,12347.5,6.0,128
2022.24658,66.00000,-9.00000,35.00000,12356.4,5.5,128
2022.24658,66.00000,-8.00000,35.00000,12363.9,4.9,128
2022.24658,66.00000,-7.00000,35.00000,12370.1,4.4,128
2022.24658,66.00000,-6.00000,35.00000,12375.1,3.9,128
2022.24658,66.00000,-5.00000,35.00000,12378.9,3.4,128
2022.24658,66.00000,-4.00000,35.00000,12381.5,2.9,128
2022.24658,66.00000,-3.00000,35.00000,12383.1,2.4,128
2022.24658,66.00000,-2.00000,35.00000,12383.5,1.9,128
2022.24658,66.00000,-1.00000,35.00000,12382.9,1.4,128
2022.24658,66.00000,0.00000,35.00000,12381.3,0.8,128
2022.24658,66.00000,1.00000,35.00000,12378.8,0.3,128
2022.24658,66.00000,2.00000,35.00000,12375.3,-0.2,128
2022.24658,66.00000,3.00000,35.00000,12370.9,-0.7,128
2022.24658,66.00000,4.00000,35.00000,12365.7,-1.2,128
2022.24658,66.00000,5.00000,35.00000,12359.5,-1.7,128
2022.24658,66.00000,6.00000,35.00000,12352.6,-2.2,128
2022.24658,66.00000,7.00000,35.00000,12344.9,-2.7,128
2022.24658,66.00000,8.00000,35.00000,12336.4,-3.3,128
2022.24658,66.00000,9.00000,35.00000,12327.1,-3.8,128
2022.24658,66.00000,10.00000,35.00000,12317.1,-4.3,128
2022.24658,66.00000,11.00000,35.00000,12306.3,-4.8,128
2022.24658,66.00000,12.00000,35.00000,12294.8,-5.3,128
2022.24658,66.00000,13.00000,35.00000,12282.6,-5.9,128
2022.24658,66.00000,14.00000,35.00000,12269.7,-6.4,128
2022.24658,66.00000,15.00000,35.00000,12256.1,-6.9,128
2022.24658,66.00000,16.00000,35.00000,12241.7,-7.4,128
2022.24658,66.00000,17.00000,35.00000,12226.6,-8.0,128
2022.24658,66.00000,18.00000,35.00000,12210.8,-8.5,128
2022.24658,66.00000,19.00000,35.00000,12194.2,-9.1,128
2022.24658,66.00000,20.00000,35.00000,12176.9,-9.6,128
2022.24658,66.00000,21.00000,35.00000,12158.8,-10.1,128
2022.24658,65.00000,-140.00000,35.00000,11435.3,24.1,128
2022.24658,65.00000,-139.00000,35.00000,11312.5,25.2,128
2022.24658,65.00000,-138.00000,35.00000,11188.0,26.3,128
2022.24658,65.00000,-137.00000,35.00000,11062.0,27.5,128
2022.24658,65.00000,-136.00000,35.00000,10934.4,28.6,128
2022.24658,65.00000,-135.00000,35.00000,10805.4,29.8,128
2022.24658,65.00000,-134.00000,35.00000,10675.1,30.9,128
2022.24658,65.00000,-133.00000,35.00000,10543.6,32.1,128
2022.24658,65.00000,-132.00000,35.00000,10411.1,33.3,128
2022.24658,65.00000,-131.00000,35.00000,10277.6,34.5,128
2022.24658,65.00000,-130.00000,35.00000,10143.2,35.7,128
2022.24658,65.00000,-129.00000,35.00000,10008.1,36.9,128
2022.24658,65.00000,-128.00000,35.00000,9872.5,38.1,128
2022.24658,65.00000,-127.00000,35.00000,9736.5,39.3,128
2022.24658,65.00000,-126.00000,35.00000,9600.2,40.5,128
2022.24658,65.00000,-125.00000,35.00000,9463.9,41.7,128
2022.24658,65.00000,-124.00000,35.00000,9327.7,42.9,128
2022.24658,65.00000,-123.00000,35.00000,9191.8,44.1,128
2022.24658,65.00000,-122.00000,35.00000,9056.3,45.3,128
2022.24658,65.00000,-121.00000,35.00000,8921.6,46.4,128
2022.24658,65.00000,-120.00000,35.00000,8787.9,47.6,128
2022.24658,65.00000,-119.00000,35.00000,8655.3,48.8,128
2022.24658,65.00000,-118.00000,35.00000,8524.2,49.9,128
2022.24658,65.00000,-117.00000,35.00000,8394.7,51.0,128
2022.24658,65.00000,-116.00000,35.00000,8267.3,52.1,128
2022.24658,65.00000,-115.00000,35.00000,8142.0,53.2,128
2022.24658,65.00000,-114.00000,35.00000,8019.4,54.2,128
2022.24658,65.00000,-113.00000,35.00000,7899.6,55.2,128
2022.24658,65.00000,-112.00000,35.00000,7783.1,56.2,128
2022.24658,65.00000,-111.00000,35.00000,7670.1,57.1,128
2022.24658,65.00000,-110.00000,35.00000,7561.0,58.0,128
2022.24658,65.00000,-109.00000,35.00000,7456.2,58.8,128
2022.24658,65.00000,-108.00000,35.00000,7355.9,59.6,128
2022.24658,65.00000,-107.00000,35.00000,7260.7,60.3,128
2022.24658,65.00000,-106.00000,35.00000,7170.8,61.0,128
2022.24658,65.00000,-105.00000,35.00000,7086.7,61.6,128
2022.24658,65.00000,-104.00000,35.00000,7008.7,62.1,128
2022.24658,65.00000,-103.00000,35.00000,6937.1,62.5,128
2022.24658,65.00000,-102.00000,35.00000,6872.2,62.9,128
2022.24658,65.00000,-101.00000,35.00000,6814.5,63.2,128
2022.24658,65.00000,-100.00000,35.00000,6764.2,63.4,128
2022.24658,65.00000,-99.00000,35.00000,6721.6,63.4,128
2022.24658,65.00000,-98.00000,35.00000,6686.8,63.4,128
2022.24658,65.00000,-97.00000,35.00000,6660.2,63.3,128
2022.24658,65.00000,-96.00000,35.00000,6641.7,63.1,128
2022.24658,65.00000,-95.00000,35.00000,6631.7,62.9,128
2022.24658,65.00000,-94.00000,35.00000,6630.0,62.5,128
2022.24658,65.00000,-93.00000,35.00000,6636.8,62.0,128
2022.24658,65.00000,-92.00000,35.00000,6652.0,61.5,128
2022.24658,65.00000,-91.00000,35.00000,6675.4,60.8,128
2022.24658,65.00000,-90.00000,35.00000,6707.0,60.1,128
2022.24658,65.00000,-89.00000,35.00000,6746.5,59.4,128
2022.24658,65.00000,-88.00000,35.00000,6793.8,58.5,128
2022.24658,65.00000,-87.00000,35.00000,6848.5,57.6,128
2022.24658,65.00000,-86.00000,35.00000,6910.4,56.7,128
2022.24658,65.00000,-85.00000,35.00000,6979.1,55.8,128
2022.24658,65.00000,-84.00000,35.00000,7054.3,54.8,128
2022.24658,65.00000,-83.00000,35.00000,7135.6,53.8,128
2022.24658,65.00000,-82.00000,35.00000,7222.5,52.7,128
2022.24658,65.00000,-81.00000,35.00000,7314.7,51.7,128
2022.24658,65.00000,-80.00000,35.00000,7411.8,50.7,128
2022.24658,65.00000,-79.00000,35.00000,7513.4,49.6,128
2022.24658,65.00000,-78.00000,35.00000,7619.0,48.6,128
2022.24658,65.00000,-77.00000,35.00000,7728.2,47.6,128
2022.24658,65.00000,-76.00000,35.00000,7840.6,46.6,128
2022.24658,65.00000,-75.00000,35.00000,7955.9,45.6,128
2022.24658,65.00000,-74.00000,35.00000,8073.6,44.6,128
2022.24658,65.00000,-73.00000,35.00000,8193.3,43.7,128
2022.24658,65.00000,-72.00000,35.00000,8314.8,42.7,128
2022.24658,65.00000,-71.00000,35.00000,8437.6,41.8,128
2022.24658,65.00000,-70.00000,35.00000,8561.5,41.0,128
2022.24658,65.00000,-69.00000,35.00000,8686.1,40.1,128
2022.24658,65.00000,-68.00000,35.00000,8811.1,39.3,128
2022.24658,65.00000,-67.00000,35.00000,8936.3,38.5,128
2022.24658,65.00000,-66.00000,35.00000,9061.3,37.7,128
2022.24658,65.00000,-65.00000,35.00000,9185.9,36.9,128
2022.24658,65.00000,-64.00000,35.00000,9310.0,36.2,128
2022.24658,65.00000,-63.00000,35.00000,9433.1,35.5,128
2022.24658,65.00000,-62.00000,35.00000,9555.3,34.8,128
2022.24658,65.00000,-61.00000,35.00000,9676.2,34.1,128
2022.24658,65.00000,-60.00000,35.00000,9795.7,33.4,128
2022.24658,65.00000,-59.00000,35.00000,9913.6,32.8,128
2022.24658,65.00000,-58.00000,35.00000,10029.9,32.2,128
2022.24658,65.00000,-57.00000,35.00000,10144.2,31.6,128
2022.24658,65.00000,-56.00000,35.00000,10256.6,31.0,128
2022.24658,65.00000,-55.00000,35.00000,10366.9,30.4,128
2022.24658,65.00000,-54.00000,35.00000,10475.0,29.8,128
2022.24658,65.00000,-53.00000,35.00000,10580.8,29.3,128
2022.24658,65.00000,-52.00000,35.00000,10684.3,28.7,128
2022.24658,65.00000,-51.00000,35.00000,10785.3,28.2,128
2022.24658,65.00000,-50.00000,35.00000,10883.9,27.6,128
2022.24658,65.00000,-49.00000,35.00000,10979.9,27.1,128
2022.24658,65.00000,-48.00000,35.00000,11073.3,26.6,128
2022.24658,65.00000,-47.00000,35.00000,11164.1,26.1,128
2022.24658,65.00000,-46.00000,35.00000,11252.2,25.6,128
2022.24658,65.00000,-45.00000,35.00000,11337.7,25.1,128
2022.24658,65.00000,-44.00000,35.00000,11420.5,24.6,128
2022.24658,65.00000,-43.00000,35.00000,11500.6,24.1,128
2022.24658,65.00000,-42.00000,35.00000,11578.1,23.6,128
2022.24658,65.00000,-41.00000,35.00000,11652.8,23.1,128
2022.24658,65.00000,-40.00000,35.00000,11724.9,22.6,128
2022.24658,65.00000,-39.00000,35.00000,11794.3,22.1,128
2022.24658,65.00000,-38.00000,35.00000,11861.0,21.6,128
2022.24658,65.00000,-37.00000,35.00000,11925.1,21.1,128
2022.24658,65.00000,-36.00000,35.00000,11986.6,20.6,128
2022.24658,65.00000,-35.00000,35.00000,12045.5,20.1,128
2022.24658,65.00000,-34.00000,35.00000,12101.9,19.6,128
2022.24658,65.00000,-33.00000,35.00000,12155.7,19.1,128
2022.24658,65.00000,-32.00000,35.00000,12207.1,18.6,128
2022.24658,65.00000,-31.00000,35.00000,12256.0,18.1,128
2022.24658,65.00000,-30.00000,35.00000,12302.5,17.6,128
2022.24658,65.00000,-29.00000,35.00000,12346.7,17.1,128
2022.24658,65.00000,-28.00000,35.00000,12388.5,16.5,128
2022.24658,65.00000,-27.00000,35.00000,12428.0,16.0,128
2022.24658,65.00000,-26.00000,35.00000,12465.4,15.5,128
2022.24658,65.00000,-25.00000,35.00000,12500.5,15.0,128
2022.24658,65.00000,-24.00000,35.00000,12533.5,14.5,128
2022.24658,65.00000,-23.00000,35.00000,12564.4,13.9,128
2022.24658,65.00000,-22.00000,35.00000,12593.2,13.4,128
2022.24658,65.00000,-21.00000,35.00000,12620.1,12.9,128
2022.24658,65.00000,-20.00000,35.00000,12645.0,12.3,128
2022.24658,65.00000,-19.00000,35.00000,12668.1,11.8,128
2022.24658,65.00000,-18.00000,35.00000,12689.3,11.3,128
2022.24658,65.00000,-17.00000,35.00000,12708.7,10.7,128
2022.24658,65.00000,-16.00000,35.00000,12726.4,10.2,128
2022.24658,65.00000,-15.00000,35.00000,12742.4,9.6,128
2022.24658,65.00000,-14.00000,35.00000,12756.8,9.1,128
2022.24658,65.00000,-13.00000,35.00000,12769.6,8.6,128
2022.24658,65.00000,-12.00000,35.00000,12780.9,8.0,128
2022.24658,65.00000,-11.00000,35.00000,12790.8,7.5,128
2022.24658,65.00000,-10.00000,35.00000,12799.2,6.9,128
2022.24658,65.00000,-9.00000,35.00000,12806.2,6.4,128
2022.24658,65.00000,-8.00000,35.00000,12811.9,5.8,128
2022.24658,65.00000,-7.00000,35.00000,12816.4,5.3,128
2022.24658,65.00000,-6.00000,35.00000,12819.6,4.8,128
2022.24658,65.00000,-5.00000,35.00000,12821.7,4.2,128
2022.24658,65.00000,-4.00000,35.00000,12822.6,3.7,128
2022.24658,65.00000,-3.00000,35.00000,12822.4,3.1,128
2022.24658,65.00000,-2.00000,35.00000,12821.2,2.6,128
2022.24658,65.00000,-1.00000,35.00000,12819.1,2.1,128
2022.24658,65.00000,0.00000,35.00000,12815.9,1.5,128
2022.24658,65.00000,1.00000,35.00000,12811.9,1.0,128
2022.24658,65.00000,2.00000,35.00000,12806.9,0.5,128
2022.24658,65.00000,3.00000,35.00000,12801.2,-0.1,128
2022.24658,65.00000,4.00000,35.00000,12794.6,-0.6,128
2022.24658,65.00000,5.00000,35.00000,12787.2,-1.1,128
2022.24658,65.00000,6.00000,35.00000,12779.1,-1.7,128
2022.24658,65.00000,7.00000,35.00000,12770.3,-2.2,128
2022.24658,65.00000,8.00000,35.00000,12760.8,-2.7,128
2022.24658,65.00000,9.00000,35.00000,12750.5,-3.3,128
2022.24658,65.00000,10.00000,35.00000,12739.7,-3.8,128
2022.24658,65.00000,11.00000,35.00000,12728.1,-4.3,128
2022.24658,65.00000,12.00000,35.00000,12715.9,-4.9,128
2022.24658,65.00000,13.00000,35.00000,12703.1,-5.4,128
2022.24658,65.00000,14.00000,35.00000,12689.7,-5.9,128
2022.24658,65.00000,15.00000,35.00000,12675.7,-6.5,128
2022.24658,65.00000,16.00000,35.00000,12661.0,-7.0,128
2022.24658,65.00000,17.00000,35.00000,12645.7,-7.6,128
2022.24658,65.00000,18.00000,35.00000,12629.8,-8.1,128
2022.24658,65.00000,19.00000,35.00000,12613.2,-8.7,128
2022.24658,65.00000,20.00000,35.00000,12596.0,-9.2,128
2022.24658,65.00000,21.00000,35.00000,12578.1,-9.8,128
